,0
2010-03-02,102275.37923458297
2010-03-03,196218.8290788752
2010-03-04,202027.90414570423
2010-03-05,-284966.00040513073
2010-03-08,181208.95300354232
2010-03-09,89238.3096059917
2010-03-10,136488.70102158166
2010-03-11,-123073.46572468313
2010-03-12,32949.69835237316
2010-03-15,-187008.38704057137
2010-03-16,-100812.61504145432
2010-03-17,137633.51916689944
2010-03-18,181171.04461093477
2010-03-19,5148.35768137088
2010-03-22,85807.27047422717
2010-03-23,18259.68697947592
2010-03-24,-98915.7218120569
2010-03-25,22752.319761098934
2010-03-26,-161986.14877866357
2010-03-29,150984.60498347838
2010-03-30,143917.67239544206
2010-03-31,17417.372367783802
2010-04-01,38969.13868553844
2010-04-02,195012.15158340725
2010-04-06,41504.03223733487
2010-04-07,47403.38936036821
2010-04-08,-57446.40444540001
2010-04-09,-118305.87450872039
2010-04-12,168458.50760712477
2010-04-13,-65460.535476911806
2010-04-14,-126787.96966431863
2010-04-15,73093.58881355851
2010-04-16,-91550.56210620662
2010-04-19,-98755.11120515554
2010-04-20,-497908.0304602376
2010-04-21,-84672.37104916194
2010-04-22,245804.85669207526
2010-04-23,12278.595649109993
2010-04-26,-119438.34103588882
2010-04-27,-153627.82116880507
2010-04-28,-114169.38951369817
2010-04-29,238493.27062400492
2010-04-30,-189837.416113035
2010-05-04,-274526.04639583547
2010-05-05,-115572.80742071898
2010-05-06,144322.25084590886
2010-05-07,-524323.890325391
2010-05-10,79209.05010371178
2010-05-11,225884.24294645354
2010-05-12,-301029.97292906005
2010-05-13,-345330.55937285564
2010-05-14,42623.39956345146
2010-05-17,-118453.06944971278
2010-05-18,-426273.9251935676
2010-05-19,130867.33313583962
2010-05-20,-43469.92224790433
2010-05-21,-282184.39807775157
2010-05-24,466611.59231841005
2010-05-25,248940.32588167815
2010-05-26,-97412.01519014622
2010-05-27,-27203.85020255244
2010-05-28,246956.86934104306
2010-05-31,55160.11178600136
2010-06-01,-326534.26351168647
2010-06-02,-101515.43037221997
2010-06-03,226759.70052078593
2010-06-04,-146592.04480794256
2010-06-07,20750.189301761446
2010-06-08,-77255.23859570401
2010-06-09,64738.88724358545
2010-06-10,179208.40271364304
2010-06-11,-12419.747346386945
2010-06-17,1422.15029036127
2010-06-18,-128976.17225121844
2010-06-21,-147005.80700135528
2010-06-22,253322.21172419365
2010-06-23,18586.07112850228
2010-06-24,-17849.57892615306
2010-06-25,-24945.1954837728
2010-06-28,-98197.97750224739
2010-06-29,-97093.9505099957
2010-06-30,-560255.1661028008
2010-07-01,-78110.81733825494
2010-07-02,-99844.81599661584
2010-07-05,-15097.239869155106
2010-07-06,88218.66256009563
2010-07-07,159701.56761944285
2010-07-08,152615.85855805097
2010-07-09,-14924.798743221925
2010-07-12,193933.7943203649
2010-07-13,80736.428369073
2010-07-14,-107786.8616571527
2010-07-15,52192.32562148795
2010-07-16,-128808.76045171375
2010-07-19,5712.000753131521
2010-07-20,321800.19406003115
2010-07-21,208270.81585202398
2010-07-22,-59509.548578861526
2010-07-23,195632.70622597492
2010-07-26,150854.09196945996
2010-07-27,132322.6366275068
2010-07-28,47010.482356151806
2010-07-29,403851.8458170277
2010-07-30,-38515.2611110185
2010-08-02,31253.5259657065
2010-08-03,63292.11797861642
2010-08-04,-142367.62517852877
2010-08-05,37099.76533140829
2010-08-06,-78424.32562265031
2010-08-09,107019.78908759424
2010-08-10,95437.94685734804
2010-08-11,-313069.28070764366
2010-08-12,52977.94740121003
2010-08-13,78419.23084770214
2010-08-16,204786.5738337582
2010-08-17,140276.05183406497
2010-08-18,12509.42481334999
2010-08-19,31931.106802187518
2010-08-20,-25370.001254849052
2010-08-23,77865.17357077051
2010-08-24,26121.85422111042
2010-08-25,70228.8560543128
2010-08-26,-108069.35547325388
2010-08-27,72733.49418920805
2010-08-30,87230.71289735551
2010-08-31,58169.23734025647
2010-09-01,-5012.392613667727
2010-09-02,32086.45921652681
2010-09-03,7246.280594509286
2010-09-06,151906.69751302627
2010-09-07,2478.0081695062468
2010-09-08,52054.28288097626
2010-09-09,-41696.24612281108
2010-09-10,-160183.3774560381
2010-09-13,-21981.877700491623
2010-09-14,103752.83922503819
2010-09-15,-9706.819912525583
2010-09-16,-233075.829304967
2010-09-17,-155029.02931992643
2010-09-20,96303.87558474344
2010-09-21,-109448.22620021633
2010-09-27,55167.08588402867
2010-09-28,75793.00043233957
2010-09-29,-89907.85849155973
2010-09-30,-19288.089678232547
2010-10-08,285062.8375938888
2010-10-11,168181.94377128017
2010-10-12,56093.47618650701
2010-10-13,-8885.609762047408
2010-10-14,271525.40327438124
2010-10-15,-358740.67109782284
2010-10-18,54776.91101362294
2010-10-19,-4452.828734748528
2010-10-20,-85547.81741602052
2010-10-21,195564.53909319142
2010-10-22,-22175.39669939547
2010-10-25,136409.6958355377
2010-10-26,68912.37531704713
2010-10-27,91396.94842601262
2010-10-28,-14764.851878427799
2010-10-29,-12592.462811269437
2010-11-01,-5067.142331055838
2010-11-02,210544.76986650078
2010-11-03,-20355.624853234778
2010-11-04,53053.707048906996
2010-11-05,309240.86093186773
2010-11-08,117524.2753643694
2010-11-09,139061.61632640634
2010-11-10,-67738.88536103578
2010-11-11,-135192.5698123863
2010-11-12,-113080.57707264672
2010-11-15,-529220.1920844903
2010-11-16,187268.51371246914
2010-11-17,-369258.5310456546
2010-11-18,73878.58300376244
2010-11-19,165666.15530147988
2010-11-22,-3103.5131850779644
2010-11-23,19951.532785576597
2010-11-24,-107838.44343956486
2010-11-25,267659.3723890098
2010-11-26,56067.17102886897
2010-11-29,-35307.65583608556
2010-11-30,80469.02030338784
2010-12-01,-264476.2088242428
2010-12-02,156639.161847886
2010-12-03,10472.221498406367
2010-12-06,85280.87937910382
2010-12-07,-33645.41099728566
2010-12-08,195139.36952122423
2010-12-09,-188981.86730778668
2010-12-10,-264711.9223994112
2010-12-13,95163.59910800797
2010-12-14,153990.62140911567
2010-12-15,44563.605157027116
2010-12-16,-16279.249084619152
2010-12-17,23023.77626841283
2010-12-20,24642.357275055725
2010-12-21,-115627.44290710676
2010-12-22,295114.3515910654
2010-12-23,-77354.01562210725
2010-12-24,-125289.68550893276
2010-12-27,-13552.291705508009
2010-12-28,-307976.2628849113
2010-12-29,-212356.36835025984
2010-12-30,36382.607445713984
2010-12-31,-5841.245888460639
2011-01-04,185149.8910632565
2011-01-05,133104.59074220355
2011-01-06,-17930.67461099335
2011-01-07,-48915.80304751441
2011-01-10,85994.14644658365
2011-01-11,-130723.23136721559
2011-01-12,237848.08813021542
2011-01-13,49493.131064242785
2011-01-14,-86090.84999544713
2011-01-17,-94270.19362849908
2011-01-18,-378786.08647539397
2011-01-19,46466.6049599311
2011-01-20,279283.6756080937
2011-01-21,-185823.62813255974
2011-01-24,166067.8346404007
2011-01-25,-65600.09219798555
2011-01-26,-189888.76612031093
2011-01-27,13069.044089264831
2011-01-28,168933.64296725683
2011-01-31,11152.831954066009
2011-02-01,101713.88626346269
2011-02-09,12236.596879176814
2011-02-10,-16284.298134768698
2011-02-11,86396.26135369047
2011-02-14,300754.62102156837
2011-02-15,156538.13263777044
2011-02-16,-14039.48217222272
2011-02-17,103331.08461052494
2011-02-18,113069.43855583818
2011-02-21,-109547.4545296402
2011-02-22,271304.182577321
2011-02-23,-137452.91141251771
2011-02-24,16706.085995685917
2011-02-25,81047.19767545427
2011-02-28,50219.350875675635
2011-03-01,-53038.79422741417
2011-03-02,42754.016664034934
2011-03-03,105591.89485247566
2011-03-04,-52321.4597492054
2011-03-07,123195.94382847211
2011-03-08,25499.97886996703
2011-03-09,-30486.72205129182
2011-03-10,-2355.269109639454
2011-03-11,23649.115747637537
2011-03-14,-86001.00716609781
2011-03-15,-38835.77626148704
2011-03-16,-40271.32534106512
2011-03-17,-27726.76831426051
2011-03-18,-67310.53448082988
2011-03-21,2364.2511577139735
2011-03-22,-56874.007891109264
2011-03-23,3741.10462824962
2011-03-24,149227.85071047768
2011-03-25,-749.1942739019843
2011-03-28,132982.7857195402
2011-03-29,-81478.973957066
2011-03-30,-41996.660930984
2011-03-31,-32536.735791562438
2011-04-01,-178018.3993538749
2011-04-06,130679.92469678623
2011-04-07,192232.23737554613
2011-04-08,49386.80961775326
2011-04-11,60055.80257057738
2011-04-12,-124105.25445897983
2011-04-13,26128.84669002468
2011-04-14,276581.3162243467
2011-04-15,-45654.33556403659
2011-04-18,114259.90690398985
2011-04-19,25014.533910387734
2011-04-20,-34140.560886825246
2011-04-21,29485.9228058123
2011-04-22,-104264.56274317262
2011-04-25,24118.722274231106
2011-04-26,-299230.50531313196
2011-04-27,24474.69112284024
2011-04-28,-95861.75432228988
2011-04-29,-267768.4210974315
2011-05-03,146966.87978158423
2011-05-04,11325.902557232002
2011-05-05,-69395.19727571316
2011-05-06,-35946.04438530046
2011-05-09,159010.80908346982
2011-05-10,-2327.031737775218
2011-05-11,21469.936050128224
2011-05-12,6302.613708671497
2011-05-13,-14568.46383655904
2011-05-16,73128.66391078201
2011-05-17,1982.0817337633844
2011-05-18,-66483.46836652874
2011-05-19,103024.66694289686
2011-05-20,6826.057224640849
2011-05-23,-65828.68829127905
2011-05-24,-274910.2196478965
2011-05-25,6202.869883514704
2011-05-26,-30841.759836673173
2011-05-27,-165218.82380032467
2011-05-30,-90293.09370692435
2011-05-31,-178444.18542964692
2011-06-01,61180.57633455762
2011-06-02,-54676.97496400174
2011-06-03,-90043.1157937918
2011-06-07,171120.43674584094
2011-06-08,314944.860607767
2011-06-09,125813.27848927784
2011-06-10,-29577.41103059805
2011-06-13,-211733.13118012506
2011-06-14,-296308.71003106644
2011-06-15,179000.25903088338
2011-06-16,-183740.2312331944
2011-06-17,-202117.73240892816
2011-06-20,-44738.297305209715
2011-06-21,-73026.09190868992
2011-06-22,203860.15289398655
2011-06-23,-99063.86575655748
2011-06-24,163060.656128475
2011-06-27,165140.4904339348
2011-06-28,60457.601245652164
2011-06-29,-5248.02279913713
2011-06-30,-55151.84741536453
2011-07-01,171613.51140793136
2011-07-04,36923.7955272012
2011-07-05,124739.15718246339
2011-07-06,27286.99908613183
2011-07-07,69739.30467328717
2011-07-08,-53532.017310873125
2011-07-11,57238.63783369772
2011-07-12,-933.8154403943402
2011-07-13,-90718.38267911681
2011-07-14,128608.45820890796
2011-07-15,73594.34935605264
2011-07-18,60300.02739146146
2011-07-19,-68976.3387358399
2011-07-20,-5329.789588826177
2011-07-21,41113.39337858695
2011-07-22,-205.99179979107646
2011-07-25,-37133.210367893815
2011-07-26,-184900.72212613758
2011-07-27,122251.84709815854
2011-07-28,-21598.404760406298
2011-07-29,40614.54997942343
2011-08-01,-35049.473796471175
2011-08-02,99241.15194113395
2011-08-03,-51621.92374772618
2011-08-04,73.84800807465552
2011-08-05,-226730.9300901555
2011-08-08,-54823.3740855543
2011-08-09,-407424.77569016337
2011-08-10,282759.9982824104
2011-08-11,-218972.19250424881
2011-08-12,401353.76708535163
2011-08-15,9600.293119072046
2011-08-16,115572.52615281122
2011-08-17,-92037.77799070525
2011-08-18,-5200.145068711545
2011-08-19,-301688.0797143782
2011-08-22,105026.21758192265
2011-08-23,-15922.51369339192
2011-08-24,166744.35934870507
2011-08-25,-51143.27379465276
2011-08-26,133833.14705421598
2011-08-29,-11557.83772834076
2011-08-30,25118.798989158102
2011-08-31,-112263.70760529907
2011-09-01,40167.61029528699
2011-09-02,-11993.945127817457
2011-09-05,-112618.5842842392
2011-09-06,-69288.47305621539
2011-09-07,66299.87186796273
2011-09-08,134048.46659776953
2011-09-09,-42111.38557383287
2011-09-13,-128965.36419656443
2011-09-14,31238.926088410153
2011-09-15,21475.30126070515
2011-09-16,48248.36264622533
2011-09-19,-47610.65433192457
2011-09-20,-124493.16670907942
2011-09-21,39832.33853605591
2011-09-22,113577.419980608
2011-09-23,-297371.96391485736
2011-09-26,-13.678792622100369
2011-09-27,-26392.487626277736
2011-09-28,34661.58380131124
2011-09-29,-211960.91963436324
2011-09-30,-203909.12035104344
2011-10-10,7051.53830440927
2011-10-11,2743.974511200967
2011-10-12,-156538.12295290586
2011-10-13,292541.92314028676
2011-10-14,41355.470715076764
2011-10-17,47748.3413547568
2011-10-18,50388.686841959374
2011-10-19,-214055.02939245425
2011-10-20,-32515.39202535155
2011-10-21,-183664.03377223198
2011-10-24,13700.174653398131
2011-10-25,67486.74652231594
2011-10-26,124521.99223346918
2011-10-27,101517.3853753777
2011-10-28,76597.57167823451
2011-10-31,83905.0035768325
2011-11-01,16312.8178410295
2011-11-02,2644.447213076621
2011-11-03,154967.77650066715
2011-11-04,53792.54665698213
2011-11-07,-33176.750336035635
2011-11-08,52942.397701858485
2011-11-09,26161.200000116984
2011-11-10,29164.67347100798
2011-11-11,-19232.332903442406
2011-11-14,79571.41802974949
2011-11-15,60721.96214714512
2011-11-16,-18173.151322875347
2011-11-17,-176654.3471383898
2011-11-18,-50642.38739448255
2011-11-21,-139785.75899688512
2011-11-22,-74529.07543403374
2011-11-23,118226.42832879238
2011-11-24,-138148.63893273912
2011-11-25,91498.65140095171
2011-11-28,-48974.24087896688
2011-11-29,20256.536327189177
2011-11-30,9160.147688531588
2011-12-01,-49970.221906530045
2011-12-02,-78170.5310706233
2011-12-05,-151548.11013240094
2011-12-06,-215424.05484180103
2011-12-07,73343.79468795762
2011-12-08,-3442.5824913474794
2011-12-09,-45222.82125688827
2011-12-12,-23627.810525473917
2011-12-13,-123985.92260949843
2011-12-14,-255680.60814701262
2011-12-15,-280032.9577917454
2011-12-16,-211541.97588024943
2011-12-19,65055.11611935407
2011-12-20,-37663.654591849976
2011-12-21,123858.60634179252
2011-12-22,-353513.61204021267
2011-12-23,-72690.79215467577
2011-12-26,66024.96224477269
2011-12-27,-93656.44824176768
2011-12-28,-76261.16995856598
2011-12-29,-31006.94587307931
2011-12-30,50797.766174716264
2012-01-04,195598.0798517777
2012-01-05,-350592.78502292413
2012-01-06,-100889.6261619178
2012-01-09,-35578.44944641375
2012-01-10,401993.21381338296
2012-01-11,221598.32908447296
2012-01-12,52975.54735476132
2012-01-13,203403.8082261216
2012-01-16,-192327.67677607795
2012-01-17,-139362.11570917635
2012-01-18,306734.9042258683
2012-01-19,-69848.26286756495
2012-01-20,161629.84218311578
2012-01-30,55740.93682794389
2012-01-31,-113546.47827417974
2012-02-01,74543.18123830794
2012-02-02,-52422.20810699217
2012-02-03,246943.3853005719
2012-02-06,146563.9147496166
2012-02-07,-19153.146515657096
2012-02-08,-94322.95499017395
2012-02-09,190664.4300541053
2012-02-10,52104.57817386385
2012-02-13,-42272.73354966186
2012-02-14,89554.73496018935
2012-02-15,29152.57879856681
2012-02-16,106283.68493799037
2012-02-17,27063.53888394667
2012-02-20,57383.42607944616
2012-02-21,-4030.1851379790223
2012-02-22,13048.606116485274
2012-02-23,135879.7069439205
2012-02-24,-13870.032605599703
2012-02-27,190701.81250783647
2012-02-28,1335.5528279881933
2012-02-29,-99196.49352271357
2012-03-01,-67846.01037949293
2012-03-02,119484.16924673493
2012-03-05,176772.48672492758
2012-03-06,-27577.474472663118
2012-03-07,-52859.10858796007
2012-03-08,-16732.37946173525
2012-03-09,170319.159208338
2012-03-12,116702.54237850712
2012-03-13,-26729.388570835454
2012-03-14,99829.37020374025
2012-03-15,-326524.14454867714
2012-03-16,-225331.85568305675
2012-03-19,91580.99257765795
2012-03-20,113775.49432868027
2012-03-21,-152162.62271692802
2012-03-22,-34942.28637753958
2012-03-23,35068.63613854522
2012-03-26,16928.974389446215
2012-03-27,-46500.22654015009
2012-03-28,-16571.37097084809
2012-03-29,-236347.78351346223
2012-03-30,97039.04213338601
2012-04-05,-62424.66317221195
2012-04-06,110082.29654243759
2012-04-09,27253.6879596782
2012-04-10,-59745.76697555874
2012-04-11,109687.31020186246
2012-04-12,162191.5338329632
2012-04-13,414749.6473317409
2012-04-16,18245.329472329893
2012-04-17,-12781.317497931477
2012-04-18,-156853.26425462883
2012-04-19,132274.59838363423
2012-04-20,-11604.081496858807
2012-04-23,-4491.760100592513
2012-04-24,-225022.2086248238
2012-04-25,30417.679380302277
2012-04-26,306583.56942400313
2012-04-27,-95532.98734898918
2012-05-02,36280.627861960376
2012-05-03,-12715.159739510205
2012-05-04,48273.63980294338
2012-05-07,208989.12051299782
2012-05-08,62664.42903164416
2012-05-09,-156514.50439883003
2012-05-10,6200.97322459915
2012-05-11,13187.877392897699
2012-05-14,11077.687868096264
2012-05-15,-98146.9789240904
2012-05-16,56420.796303146104
2012-05-17,27000.614762146753
2012-05-18,79828.94296537338
2012-05-21,-63689.090007726336
2012-05-22,72205.89611313195
2012-05-23,111547.06444964746
2012-05-24,186791.28659277214
2012-05-25,-189087.25448185485
2012-05-28,-67596.54948326948
2012-05-29,43948.44250501906
2012-05-30,138856.9511293818
2012-05-31,44945.75439378303
2012-06-01,83380.7539452795
2012-06-04,-165753.09425949355
2012-06-05,36637.82776432173
2012-06-06,28563.690011381823
2012-06-07,38144.562348864754
2012-06-08,10260.242540641051
2012-06-11,-193198.68459101004
2012-06-12,157531.80738047103
2012-06-13,28401.239933337263
2012-06-14,49695.953443101644
2012-06-15,15471.410753089718
2012-06-18,65931.76393589374
2012-06-19,31619.927392406164
2012-06-20,2496.204895285124
2012-06-21,-74245.21360376732
2012-06-25,-93344.02625383463
2012-06-26,-187474.72037234658
2012-06-27,13352.837228385442
2012-06-28,7694.0436138490395
2012-06-29,-178770.99375601864
2012-07-02,194832.084823779
2012-07-03,85431.93687757751
2012-07-04,209318.7620428417
2012-07-05,2571.3025090361302
2012-07-06,590.4220471572042
2012-07-09,95034.3372955374
2012-07-10,-223434.8526746559
2012-07-11,-487323.06512484833
2012-07-12,71950.60274074842
2012-07-13,313266.7306581254
2012-07-16,-13253.46270236778
2012-07-17,-364064.89189356327
2012-07-18,245679.45241160571
2012-07-19,149540.31146753905
2012-07-20,1850.7134244131764
2012-07-23,-67028.40235896496
2012-07-24,-156530.16271153794
2012-07-25,56846.44783188292
2012-07-26,-180019.75174883625
2012-07-27,21027.023066604943
2012-07-30,-123776.2020080076
2012-07-31,-326185.0053302597
2012-08-01,-20443.047724779375
2012-08-02,222196.21528632304
2012-08-03,23068.825433812493
2012-08-06,46704.514774701725
2012-08-07,183559.95516156746
2012-08-08,50082.03818219053
2012-08-09,120113.89396086003
2012-08-10,43321.246766273274
2012-08-13,49617.589065531654
2012-08-14,-261757.4680405027
2012-08-15,66287.28901383551
2012-08-16,30112.234827159733
2012-08-17,-85278.01471130938
2012-08-20,73564.9660097875
2012-08-21,96669.35015226064
2012-08-22,83859.68289812552
2012-08-23,87549.1322215251
2012-08-24,38671.975285450506
2012-08-27,-154343.439457979
2012-08-28,-129895.59470291385
2012-08-29,67473.11939640634
2012-08-30,-75532.22939914008
2012-08-31,48815.528581422404
2012-09-03,44494.57056739478
2012-09-04,112834.99889980527
2012-09-05,-94009.8789499066
2012-09-06,23173.907338296714
2012-09-07,98928.08295621737
2012-09-10,237957.16376889433
2012-09-11,13186.633736273732
2012-09-12,33977.42122049079
2012-09-13,-74835.44595518279
2012-09-14,-103625.19922382227
2012-09-17,-75114.10381362331
2012-09-18,-272227.9429038409
2012-09-19,105291.07761496997
2012-09-20,14507.470783647495
2012-09-21,-195568.44940397042
2012-09-24,-17833.292834662523
2012-09-25,70766.14257433104
2012-09-26,-56564.78377225258
2012-09-27,-144704.5353107688
2012-09-28,206334.84743704574
2012-10-08,187049.4700469236
2012-10-09,-141350.87250727773
2012-10-10,100531.11539495618
2012-10-11,7324.7010978175085
2012-10-12,-110845.11782506372
2012-10-15,-11289.719794842755
2012-10-16,2210.337884824939
2012-10-17,-76091.88746937447
2012-10-18,-24745.76201446053
2012-10-19,144802.82328720606
2012-10-22,34393.71990490053
2012-10-23,97200.93987900825
2012-10-24,-86320.76849088605
2012-10-25,113524.32609813493
2012-10-26,-50963.62043518261
2012-10-29,-226827.1719846473
2012-10-30,-7514.651140232453
2012-10-31,57771.78800568008
2012-11-01,-9234.44344654345
2012-11-02,358805.85178663343
2012-11-05,-16308.251988939608
2012-11-06,-78732.14950773987
2012-11-07,1861.2920573406457
2012-11-08,-105806.20242435976
2012-11-09,-129951.52485658442
2012-11-12,69101.89408632732
2012-11-13,110885.46070945532
2012-11-14,-227466.22240556197
2012-11-15,-67558.8949463337
2012-11-16,-210953.25236084717
2012-11-19,-190516.20410842606
2012-11-20,108449.72466665236
2012-11-21,5563.746739340799
2012-11-22,112838.34436829794
2012-11-23,26152.336121336888
2012-11-26,2123.1472996042444
2012-11-27,-98266.91795939406
2012-11-28,-319510.73599847045
2012-11-29,-177548.96239169085
2012-11-30,-103452.22557887036
2012-12-03,176024.80918470278
2012-12-04,-90171.29717338849
2012-12-05,101045.08716654408
2012-12-06,356089.9859187386
2012-12-07,61120.72185044758
2012-12-10,263119.2075482235
2012-12-11,99769.32186657513
2012-12-12,75302.91705289637
2012-12-13,26742.92936065359
2012-12-14,-98116.13468930789
2012-12-17,482238.5400494499
2012-12-18,-83301.36225842545
2012-12-19,-83613.16264839964
2012-12-20,144616.25784357573
2012-12-21,-10022.919011696122
2012-12-24,-53134.58112576947
2012-12-25,109065.77370214976
2012-12-26,250504.48513089996
2012-12-27,52993.4821496669
2012-12-28,-24353.686936108683
2012-12-31,170855.9219296185
2013-01-04,116632.07676809317
2013-01-07,-104541.56409508002
2013-01-08,80405.53548887471
2013-01-09,81038.85113165193
2013-01-10,8477.798934495419
2013-01-11,113639.49947111579
2013-01-14,-175874.30344139112
2013-01-15,306864.12538996426
2013-01-16,82042.65829248675
2013-01-17,-3019.584921500765
2013-01-18,31620.9486583887
2013-01-21,323720.0567504791
2013-01-22,162327.9762831607
2013-01-23,-85553.07116953589
2013-01-24,162225.44994452674
2013-01-25,-161079.84399483437
2013-01-28,-33874.412031802036
2013-01-29,483456.4701479917
2013-01-30,86822.72327706702
2013-01-31,187044.44258600246
2013-02-01,-55207.82637100145
2013-02-04,104187.57638448807
2013-02-05,-135076.34739776785
2013-02-06,203245.6763223685
2013-02-07,-3657.0836516544778
2013-02-08,-40024.572682936836
2013-02-18,210013.15453529768
2013-02-19,8910.238450069684
2013-02-20,-123964.74914953322
2013-02-21,-35752.81952938169
2013-02-22,-90194.2508091796
2013-02-25,-57230.99561986517
2013-02-26,-46164.72302821414
2013-02-27,-57286.75840639966
2013-02-28,204278.41884923255
2013-03-01,178348.96751821143
2013-03-04,-92626.48071375607
2013-03-05,-282331.3566432048
2013-03-06,286846.86171166756
2013-03-07,69951.12310454264
2013-03-08,140747.67520824185
2013-03-11,-317996.6015075983
2013-03-12,-97710.14913437465
2013-03-13,-131727.1425706089
2013-03-14,-28646.709006218734
2013-03-15,-93317.55849172563
2013-03-18,-69814.00487251411
2013-03-19,51541.75970028569
2013-03-20,147094.6601494636
2013-03-21,243521.92250432965
2013-03-22,-35665.596901532765
2013-03-25,141034.31241575078
2013-03-26,-53162.862568052595
2013-03-27,-34414.07585209398
2013-03-28,-39351.870301890696
2013-03-29,-179190.10506700064
2013-04-01,-41822.82795775462
2013-04-02,62632.772654843684
2013-04-03,101204.61848909533
2013-04-08,-194352.62633440905
2013-04-09,60518.67514937239
2013-04-10,99172.61589312128
2013-04-11,17072.96490785282
2013-04-12,-55178.95053687588
2013-04-15,-49248.32607954578
2013-04-16,-204612.35350220534
2013-04-17,222952.72086261146
2013-04-18,97511.28703248333
2013-04-19,214424.4989050346
2013-04-22,69631.14225553363
2013-04-23,104407.94661547655
2013-04-24,-179632.78639101546
2013-04-25,151344.31615179183
2013-04-26,-36487.551220763744
2013-05-02,-206236.3549487159
2013-05-03,118843.71669856177
2013-05-06,103594.24225934046
2013-05-07,193689.30746794865
2013-05-08,142173.42618688382
2013-05-09,32744.87942169599
2013-05-10,-94735.25921054647
2013-05-13,101222.78490933783
2013-05-14,45685.603825695405
2013-05-15,-62703.85340391281
2013-05-16,-1658.5945780736952
2013-05-17,210264.3815548982
2013-05-20,202207.4413673536
2013-05-21,-46190.32584010696
2013-05-22,118334.60145411275
2013-05-23,87961.65235496058
2013-05-24,-106432.7870486719
2013-05-27,22465.243024160554
2013-05-28,-531127.0414188149
2013-05-29,53845.885283009906
2013-05-30,39509.94805043
2013-05-31,188445.5859886668
2013-06-03,-33236.25471044538
2013-06-04,-90458.15632608175
2013-06-05,65439.745964668095
2013-06-06,-59253.39450629739
2013-06-07,-10967.911302268154
2013-06-13,-281257.5233466879
2013-06-14,-60112.8263394146
2013-06-17,108047.00131566287
2013-06-18,45198.488305471794
2013-06-19,-63929.390131748376
2013-06-20,-509317.6713626876
2013-06-21,-522192.20317455294
2013-06-24,47868.03711469395
2013-06-25,-798774.632417264
2013-06-26,25930.283960666206
2013-06-27,86179.9561543516
2013-06-28,-79372.40805582218
2013-07-01,209623.90249566434
2013-07-02,140496.620041942
2013-07-03,45483.00107784606
2013-07-04,-125185.49834330638
2013-07-05,162614.72059007324
2013-07-08,-128113.14564261455
2013-07-09,-312625.35939129477
2013-07-10,19447.88548121636
2013-07-11,388311.71323463536
2013-07-12,347601.36040453723
2013-07-15,-23933.614058011142
2013-07-16,30944.001292275174
2013-07-17,16254.347440240765
2013-07-18,76212.93449817432
2013-07-19,-774451.5928187688
2013-07-22,-597393.0431246848
2013-07-23,120125.04582882895
2013-07-24,343949.0751954087
2013-07-25,-55011.843791110885
2013-07-26,-318345.78095847665
2013-07-29,-117384.02702890482
2013-07-30,-86687.39048792463
2013-07-31,121327.62536040274
2013-08-01,-33550.38826621038
2013-08-02,261532.14649708473
2013-08-05,-65864.690793022
2013-08-06,65465.28094140656
2013-08-07,123866.6669775298
2013-08-08,8347.633620331057
2013-08-09,-1180.7214943743218
2013-08-12,49087.766572061635
2013-08-13,95658.7035254604
2013-08-14,97459.60115022061
2013-08-15,102727.07636524465
2013-08-16,-225504.47562178553
2013-08-19,-34481.705560272036
2013-08-20,202431.70638564884
2013-08-21,124153.3542592054
2013-08-22,10423.526858836609
2013-08-23,-62748.755930438805
2013-08-26,-45189.675924929885
2013-08-27,129105.5655709047
2013-08-28,-27455.614268937785
2013-08-29,-28636.846341721328
2013-08-30,129780.56966906742
2013-09-02,-43537.43697637584
2013-09-03,-48752.762485221734
2013-09-04,283591.0669429462
2013-09-05,-138731.34523804256
2013-09-06,-15269.68165175547
2013-09-09,63709.09390189166
2013-09-10,263325.1860418602
2013-09-11,108770.07676920104
2013-09-12,-65935.23194070758
2013-09-13,-1362.318313377957
2013-09-16,83722.99822744828
2013-09-17,30428.8578768455
2013-09-18,-202620.79350891677
2013-09-23,-1753.7595821435928
2013-09-24,40288.654571442996
2013-09-25,-49845.73980125279
2013-09-26,-95583.82461767712
2013-09-27,-303224.51811309875
2013-09-30,208502.27855118728
2013-10-08,76876.06867941003
2013-10-09,219008.79969631773
2013-10-10,186966.33680428434
2013-10-11,222215.6460396638
2013-10-14,41872.12083864328
2013-10-15,-31610.036097896078
2013-10-16,178265.33687854634
2013-10-17,-83248.04133359557
2013-10-18,-39608.44013434277
2013-10-21,24841.860591068085
2013-10-22,294071.17212881194
2013-10-23,105442.28042041135
2013-10-24,-204455.38872655682
2013-10-25,45871.64193978469
2013-10-28,-84449.8416768911
2013-10-29,-212655.4832724563
2013-10-30,-262880.489954396
2013-10-31,265388.4849920696
2013-11-01,-51295.128109765305
2013-11-04,-3289.151980560306
2013-11-05,-82230.09715210428
2013-11-06,93596.34698150495
2013-11-07,-16016.393875138572
2013-11-08,-99629.05371184046
2013-11-11,-114769.1583861577
2013-11-12,93890.50711535834
2013-11-13,60127.30377678698
2013-11-14,-227260.37962430017
2013-11-15,171240.39578672685
2013-11-18,178461.20898989763
2013-11-19,206192.73890280141
2013-11-20,57317.427500531376
2013-11-21,-63000.99008680034
2013-11-22,-42315.089397105636
2013-11-25,-6225.130338122118
2013-11-26,110177.66387727781
2013-11-27,-125431.94239361954
2013-11-28,51592.18597051021
2013-11-29,27218.660107978325
2013-12-02,-151781.68166699482
2013-12-03,-378853.34899369214
2013-12-04,176728.7008364452
2013-12-05,60436.83027520367
2013-12-06,-29270.37287993435
2013-12-09,-43186.74501077444
2013-12-10,6058.669908996025
2013-12-11,79552.8993824352
2013-12-12,-141388.4356312537
2013-12-13,26240.128126817628
2013-12-16,-39630.23271188654
2013-12-17,-838.6854745315602
2013-12-18,171.67684832404552
2013-12-19,28448.6447775817
2013-12-20,-190530.09190097442
2013-12-23,-165946.34524594338
2013-12-24,79202.52112575786
2013-12-25,-17398.872717038354
2013-12-26,25975.662587527266
2013-12-27,-221579.8095298008
2013-12-30,176873.1780727255
2013-12-31,-15934.773759493524
2014-01-02,170333.2164830999
2014-01-03,39993.43332517768
2014-01-06,-179756.90331194183
2014-01-07,-293728.1158662194
2014-01-08,87990.25737732976
2014-01-09,-23418.660787274974
2014-01-10,-193573.61136356543
2014-01-13,-122562.86933041533
2014-01-14,-36610.0307380922
2014-01-15,129621.82219111618
2014-01-16,14766.22268297334
2014-01-17,-41597.74427590344
2014-01-20,-115996.96158659334
2014-01-21,-16175.828839582311
2014-01-22,102166.5875085326
2014-01-23,298335.16080817225
2014-01-24,-85301.52453042602
2014-01-27,99346.75664387654
2014-01-28,-63685.91614971626
2014-01-29,19377.109423173486
2014-01-30,-24445.003256309465
2014-02-07,-57937.48456085211
2014-02-10,160365.1464057922
2014-02-11,242303.80894573225
2014-02-12,51118.28038589284
2014-02-13,66388.00751091127
2014-02-14,144823.57330988056
2014-02-17,30578.18303328854
2014-02-18,-9292.075982617856
2014-02-19,36276.05630485496
2014-02-20,85928.16869235005
2014-02-21,-4294.997561647656
2014-02-24,-110728.52106905621
2014-02-25,-98052.70196599232
2014-02-26,-219223.74975934147
2014-02-27,149059.84039940452
2014-02-28,-93934.331423164
2014-03-03,105077.67719862935
2014-03-04,142370.15582223432
2014-03-05,12940.957619652983
2014-03-06,-105281.16863047336
2014-03-07,136728.3879587849
2014-03-10,-131021.311586501
2014-03-11,-370852.3563549618
2014-03-12,110409.43589677068
2014-03-13,149373.8223124613
2014-03-14,14924.145887476852
2014-03-17,-2974.4023746548014
2014-03-18,187896.11308071236
2014-03-19,-61896.15027057151
2014-03-20,-69386.85734032124
2014-03-21,-155797.3356297219
2014-03-24,369499.93404382205
2014-03-25,18920.85615017602
2014-03-26,-1225.7871015342512
2014-03-27,-113782.38344907458
2014-03-28,117458.17741294269
2014-03-31,56379.54673098105
2014-04-01,-140180.98363549134
2014-04-02,122001.66582854495
2014-04-03,40932.79096833051
2014-04-04,-131367.06372835353
2014-04-08,37121.45395862804
2014-04-09,148587.565094587
2014-04-10,48490.734060809955
2014-04-11,12414.657956327295
2014-04-14,14230.62095161589
2014-04-15,5477.155234744165
2014-04-16,-143239.7792393222
2014-04-17,25867.76682706865
2014-04-18,-69989.17258780461
2014-04-21,-58449.12450517855
2014-04-22,-98795.28571178751
2014-04-23,38490.70006030616
2014-04-24,80479.93725042544
2014-04-25,-28956.145023160567
2014-04-28,-277991.28710353735
2014-04-29,-353310.48296831874
2014-04-30,205897.23012490975
2014-05-05,164450.37299936917
2014-05-06,116358.49819721906
2014-05-07,-1759.6552041203306
2014-05-08,-275007.1643041474
2014-05-09,49384.10952312973
2014-05-12,1003.5649811703307
2014-05-13,97995.01827897786
2014-05-14,86921.42313134007
2014-05-15,41563.473817858176
2014-05-16,-351434.4251622222
2014-05-19,36642.98339582403
2014-05-20,-21822.949169998756
2014-05-21,-60843.34165395138
2014-05-22,90833.06363517512
2014-05-23,81458.2572094582
2014-05-26,139540.70512839846
2014-05-27,15804.563094753717
2014-05-28,-36841.08866273813
2014-05-29,79964.56296968996
2014-05-30,-106123.56216245415
2014-06-03,5152.176524855244
2014-06-04,-17032.957601594506
2014-06-05,-105859.15311260369
2014-06-06,114091.92948249126
2014-06-09,-62120.17382321485
2014-06-10,31712.144250236826
2014-06-11,23068.63571443044
2014-06-12,-169481.71793226717
2014-06-13,-18002.635176282165
2014-06-16,89039.94597349809
2014-06-17,722.2171263417454
2014-06-18,-5404.487182482105
2014-06-19,-79857.64554355333
2014-06-20,-131232.00751248028
2014-06-23,80543.88233065998
2014-06-24,74633.46851558697
2014-06-25,11632.332885003194
2014-06-26,-41727.55818410317
2014-06-27,185166.42251625872
2014-06-30,72414.13499681232
2014-07-01,42049.60813850014
2014-07-02,-6214.633817013033
2014-07-03,45240.9664685027
2014-07-04,151954.45267670337
2014-07-07,11639.218707360864
2014-07-08,-17764.299712730543
2014-07-09,-135774.29964785863
2014-07-10,-126287.71856853884
2014-07-11,22980.229087479114
2014-07-14,48913.85695511915
2014-07-15,23770.437222329507
2014-07-16,-22637.83222136794
2014-07-17,4119.207403129024
2014-07-18,-47329.74109244078
2014-07-21,106659.32256178967
2014-07-22,-40287.508892888865
2014-07-23,69233.174012557
2014-07-24,7510.532929898783
2014-07-25,110115.58799218494
2014-07-28,1038.7010237498407
2014-07-29,114094.62225095388
2014-07-30,141504.54416392706
2014-07-31,-66093.33886615025
2014-08-01,63403.92606925705
2014-08-04,893.4886108819771
2014-08-05,108041.54613433674
2014-08-06,-62920.98825548648
2014-08-07,23259.072178503688
2014-08-08,-96392.6187405082
2014-08-11,-12048.438265576067
2014-08-12,72534.43017290268
2014-08-13,-16111.61450963838
2014-08-14,22616.793074107685
2014-08-15,71161.54569969536
2014-08-18,168563.91177621324
2014-08-19,306154.38176042977
2014-08-20,52463.44705976924
2014-08-21,2765.5271264543817
2014-08-22,-32207.403300526243
2014-08-25,68789.93443867864
2014-08-26,-83385.992231262
2014-08-27,-5099.648820157677
2014-08-28,24413.606811757407
2014-08-29,-47331.481429339314
2014-09-01,89527.72886175357
2014-09-02,110103.3585805572
2014-09-03,46376.207815962036
2014-09-04,83656.67992781833
2014-09-05,91422.2803898982
2014-09-09,227570.6937623595
2014-09-10,241472.84342384795
2014-09-11,78993.4640290443
2014-09-12,12550.823758931827
2014-09-15,185834.16273228734
2014-09-16,262912.12612018816
2014-09-17,387.6148998295479
2014-09-18,194611.33106639006
2014-09-19,102014.99069018044
2014-09-22,99032.81380095218
2014-09-23,69060.7101380898
2014-09-24,141157.07738467108
2014-09-25,233184.6090610981
2014-09-26,150871.55335453423
2014-09-29,-9695.574821647422
2014-09-30,7898.655310173468
2014-10-08,72729.19083512128
2014-10-09,127259.99323487277
2014-10-10,4167.716900739386
2014-10-13,160521.5742271735
2014-10-14,201316.41564462156
2014-10-15,124226.0697566393
2014-10-16,-116696.29534990256
2014-10-17,-97143.47675399581
2014-10-20,6194.346670057126
2014-10-21,15528.501766710588
2014-10-22,-35747.7900261205
2014-10-23,-120395.80521436814
2014-10-24,-201074.76543952947
2014-10-27,-4343.727213372495
2014-10-28,44557.65103174608
2014-10-29,255844.54841758678
2014-10-30,185224.9498256582
2014-10-31,42758.02521602093
2014-11-03,110222.37737790764
2014-11-04,-18078.452480985714
2014-11-05,-66292.19963592148
2014-11-06,30252.931201855765
2014-11-07,87365.32302688372
2014-11-10,43085.04913443897
2014-11-11,193919.430968206
2014-11-12,-354499.23700296995
2014-11-13,110380.30411995911
2014-11-14,-107344.30864438026
2014-11-17,-53579.953438396195
2014-11-18,6787.512509865287
2014-11-19,72428.57848390732
2014-11-20,68455.0591148501
2014-11-21,-6090.158443097608
2014-11-24,240382.9383657459
2014-11-25,72734.35782164612
2014-11-26,70387.1261450165
2014-11-27,-23573.912445615784
2014-11-28,36088.37675892152
2014-12-01,303289.76049785176
2014-12-02,-281918.4432405217
2014-12-03,219983.26769180613
2014-12-04,32269.037564912676
2014-12-05,248327.18228735286
2014-12-08,-352183.7000660946
2014-12-09,96625.78443263986
2014-12-10,-340557.53562328464
2014-12-11,284716.69975129986
2014-12-12,278047.9445504555
2014-12-15,93386.50126907657
2014-12-16,33317.980211740134
2014-12-17,82507.5772152527
2014-12-18,32877.64454297326
2014-12-19,-209151.97489803712
2014-12-22,-209701.76461264672
2014-12-23,-332357.0223316932
2014-12-24,30962.355790702204
2014-12-25,-37050.20230517985
2014-12-26,94257.45918660556
2014-12-29,326654.2409708377
2014-12-30,-199530.2333553717
2014-12-31,11259.441805190474
2015-01-05,389051.22333490505
2015-01-06,-27793.00098598172
2015-01-07,62642.17648886437
2015-01-08,15231.551431786467
2015-01-09,-62015.932098861056
2015-01-12,-112216.77642859083
2015-01-13,-92305.07264475146
2015-01-14,143860.7097543745
2015-01-15,-65607.22869905499
2015-01-16,134786.21082502723
2015-01-19,-284056.1654460774
2015-01-20,-208902.2079310907
2015-01-21,188166.86432732982
2015-01-22,206495.02221762866
2015-01-23,214026.32089242
2015-01-26,-67689.07131144573
2015-01-27,93145.10559362768
2015-01-28,-91991.610698224
2015-01-29,43590.926802300986
2015-01-30,110130.0265542231
2015-02-02,-238360.12744193175
2015-02-03,41077.27338807986
2015-02-04,37543.23515278336
2015-02-05,105544.58035266947
2015-02-06,-364278.2115526018
2015-02-09,-117880.44751455507
2015-02-10,-4845.811142654549
2015-02-11,74491.56850381578
2015-02-12,4784.328344264491
2015-02-13,82537.61902494241
2015-02-16,105405.43811016706
2015-02-17,198563.03468712515
2015-02-25,68785.05345591347
2015-02-26,-82799.20155759579
2015-02-27,121170.49611249332
2015-03-02,100610.36003364772
2015-03-03,94251.150182449
2015-03-04,-53559.330427343324
2015-03-05,179891.39596569503
2015-03-06,-9739.059667976384
2015-03-09,100934.67875437156
2015-03-10,209516.8842120892
2015-03-11,91992.52852144673
2015-03-12,223834.17008263152
2015-03-13,-297409.3059955945
2015-03-16,15084.794407261537
2015-03-17,206994.22576034057
2015-03-18,98696.14631953958
2015-03-19,77085.51139818139
2015-03-20,-73020.29387703727
2015-03-23,106434.56741168091
2015-03-24,97374.12423510835
2015-03-25,-98582.27882537048
2015-03-26,156472.4954241035
2015-03-27,157385.15870794663
2015-03-30,178013.69065292767
2015-03-31,242266.4563739968
2015-04-01,-77300.3627015251
2015-04-02,176491.71991315918
2015-04-03,-82644.31840081017
2015-04-07,214469.6003829135
2015-04-08,140007.0820829495
2015-04-09,183376.23957394765
2015-04-10,110644.27861093201
2015-04-13,19029.94828514544
2015-04-14,79240.3743336889
2015-04-15,-235127.6210713526
2015-04-16,-143956.63364626438
2015-04-17,259639.73938139348
2015-04-20,-6044.415680054771
2015-04-21,-215560.04004538135
2015-04-22,238759.45103715692
2015-04-23,212911.67071400976
2015-04-24,85005.58606079702
2015-04-27,105209.89813015141
2015-04-28,6610.543869148916
2015-04-29,-215035.3555862009
2015-04-30,243025.1081275913
2015-05-04,239019.38353399953
2015-05-05,-26810.03827879072
2015-05-06,-243606.73314979923
2015-05-07,-85616.31266654974
2015-05-08,-187264.67949536256
2015-05-11,276741.8235026626
2015-05-12,276923.644949825
2015-05-13,134233.13864662455
2015-05-14,241707.9424352254
2015-05-15,65278.951282917755
2015-05-18,112090.72380113958
2015-05-19,292576.334247913
2015-05-20,507209.2642933763
2015-05-21,189950.20195058046
2015-05-22,354624.00744050427
2015-05-25,342280.8905841803
2015-05-26,541501.9027994709
2015-05-27,268006.7833808822
2015-05-28,409541.0020220953
2015-05-29,-105015.53587409307
2015-06-01,-111525.49855183701
2015-06-02,179551.1522540266
2015-06-03,173999.6750124164
2015-06-04,-27027.714247900334
2015-06-05,100394.4971865105
2015-06-08,-51441.502572088815
2015-06-09,420505.14215521124
2015-06-10,-218697.31750777052
2015-06-11,14114.939964088788
2015-06-12,176295.65690179696
2015-06-15,279872.63801544614
2015-06-16,-365076.37346476875
2015-06-17,-361520.137715187
2015-06-18,101117.46777754428
2015-06-19,-318430.250957375
2015-06-23,-514462.5690237421
2015-06-24,68763.55184212171
2015-06-25,146886.0887723464
2015-06-26,-547966.688442233
2015-06-29,-278280.8102393631
2015-06-30,-674612.3691566724
2015-07-01,586713.1829632694
2015-07-02,-271773.259700991
2015-07-03,-957128.9251444152
2015-07-06,379024.5540121247
2015-07-07,-1072822.8527327578
2015-07-08,-385584.9891510866
2015-07-09,64528.40804640548
2015-07-10,617767.8478847377
2015-07-13,553537.0066654901
2015-07-14,267963.361164299
2015-07-15,-19492.933280632536
2015-07-16,-601646.850957886
2015-07-17,497441.6742109602
2015-07-20,365497.30003146484
2015-07-21,4553.368425299788
2015-07-22,328478.23288752796
2015-07-23,208117.75885041212
2015-07-24,464047.4290897966
2015-07-27,-342246.07660758373
2015-07-28,-1031311.0793823169
2015-07-29,310630.03175332415
2015-07-30,280078.6621284206
2015-07-31,-252367.51357130127
2015-08-03,-21148.578734504823
2015-08-04,-90678.81196733814
2015-08-05,433704.71388331277
2015-08-06,-246408.78481150384
2015-08-07,228571.37955071565
2015-08-10,311485.4172459314
2015-08-11,162431.67390977385
2015-08-12,77564.72765916811
2015-08-13,153759.07818298493
2015-08-14,380890.279676427
2015-08-17,4046.910719277546
2015-08-18,418156.59435105516
2015-08-19,-630617.4485574577
2015-08-20,461023.3165604979
2015-08-21,-443947.31221633154
2015-08-24,-715542.5372809018
2015-08-25,-1074935.4645774707
2015-08-26,88838.23449729344
2015-08-27,-131879.03192014183
2015-08-28,411175.4423122397
2015-08-31,352120.0353885372
2015-09-01,-197727.6042790599
2015-09-02,-780359.8156733824
2015-09-07,336137.23362965946
2015-09-08,-70869.80293662431
2015-09-09,474964.5446579694
2015-09-10,253111.5369527991
2015-09-11,-20979.80526030833
2015-09-14,190773.7316684352
2015-09-15,-816490.7507790532
2015-09-16,-241271.8271089797
2015-09-17,576742.5825790436
2015-09-18,53523.8399415731
2015-09-21,-91981.96437901893
2015-09-22,408298.92235050694
2015-09-23,-187913.9170184954
2015-09-24,-446936.43401444313
2015-09-25,-85985.1547813691
2015-09-28,-370361.56263552315
2015-09-29,-34574.37282193877
2015-09-30,-43170.772374203116
2015-10-08,336044.5839883522
2015-10-09,42475.9083936911
2015-10-12,213115.589558942
2015-10-13,357039.97080706316
2015-10-14,528981.7256861796
2015-10-15,-69011.85736924845
2015-10-16,537144.9888252914
2015-10-19,258972.7489449644
2015-10-20,136903.8503290792
2015-10-21,44028.62347916802
2015-10-22,-470945.5323533784
2015-10-23,511717.0289257289
2015-10-26,558991.0761386266
2015-10-27,-241859.64225198101
2015-10-28,193657.22132450072
2015-10-29,62507.41971353523
2015-10-30,62224.47931415989
2015-11-02,-429311.9020566524
2015-11-03,-71665.1018509354
2015-11-04,-53000.17723206845
2015-11-05,488898.2151560812
2015-11-06,42967.999840924844
2015-11-09,112502.75138992953
2015-11-10,280912.3143022635
2015-11-11,7784.218698385824
2015-11-12,202137.91786473678
2015-11-13,54809.583711141946
2015-11-16,-316629.61539450876
2015-11-17,425120.71799155953
2015-11-18,-76051.0894331103
2015-11-19,-39031.551221070426
2015-11-20,129986.52924065634
2015-11-23,-74960.79637518225
2015-11-24,-179521.21273496558
2015-11-25,-17468.126363756706
2015-11-26,193443.0523030198
2015-11-27,-105764.20795205048
2015-11-30,-507092.7049616221
2015-12-01,148611.07095131234
2015-12-02,128071.31765794175
2015-12-03,65089.91673061233
2015-12-04,119812.10385155077
2015-12-07,252925.05933026006
2015-12-08,36708.329902792815
2015-12-09,-305180.0365454722
2015-12-10,205468.7904030198
2015-12-11,-54625.870301289026
2015-12-14,-121671.7530531277
2015-12-15,199990.91129539013
2015-12-16,231661.9896071223
2015-12-17,-82646.3328608742
2015-12-18,498965.6720206138
2015-12-21,173455.43387921387
2015-12-22,54353.88955583355
2015-12-23,136384.48920880954
2015-12-24,32385.000235440297
2015-12-25,-20077.719839363377
2015-12-28,36753.77299034797
2015-12-29,-313334.43061731645
2015-12-30,109120.50583388454
2015-12-31,31046.934211908658
2016-01-04,-138803.95307249052
2016-01-05,-1186277.0893276113
2016-01-06,424969.3463716967
2016-01-07,7308.421841004329
2016-01-08,-393564.6438247903
2016-01-11,-284089.63628478633
2016-01-12,-423019.65271005506
2016-01-13,22769.85431847258
2016-01-14,-599128.9667928728
2016-01-15,542104.2203420965
2016-01-18,-385970.17602540785
2016-01-19,418974.57280087227
2016-01-20,439442.0471936657
2016-01-21,-240560.2098643019
2016-01-22,-87456.0896361506
2016-01-25,103100.03785667672
2016-01-26,-124406.16240182969
2016-01-27,-580701.7994755846
2016-01-28,-198107.88617588492
2016-01-29,-195735.37121622675
2016-02-01,588096.5440587978
2016-02-02,-97637.49976884473
2016-02-03,111809.80224551771
2016-02-04,181712.65112526435
2016-02-05,208168.1202033613
2016-02-15,-442411.4618620313
2016-02-16,329732.9368307326
2016-02-17,342288.10141590267
2016-02-18,172559.43002377817
2016-02-19,-51012.17689848717
2016-02-22,191245.8612267686
2016-02-23,472.17426099020577
2016-02-24,-144666.95359038925
2016-02-25,124937.24900675128
2016-02-26,-487521.76730907784
2016-02-29,-160057.2891961522
2016-03-01,-425559.21713250404
2016-03-02,363827.8751410192
2016-03-03,502851.50914710725
2016-03-04,33005.35949529382
2016-03-07,-106844.07524995481
2016-03-08,52037.427489409136
2016-03-09,-219457.63272475125
2016-03-10,128727.37766932204
2016-03-11,-212004.6531417274
2016-03-14,210135.29224251994
2016-03-15,77098.62347113059
2016-03-16,74539.54986119222
2016-03-17,-128128.28912263033
2016-03-18,214912.3570436086
2016-03-21,324245.15780871175
2016-03-22,102519.2178423744
2016-03-23,-83881.12177617764
2016-03-24,154672.76027497402
2016-03-25,-125980.12567861559
2016-03-28,132598.875727132
2016-03-29,15993.279372882214
2016-03-30,-106528.45272860695
2016-03-31,254169.5807678749
2016-04-01,-143349.08634253897
2016-04-05,-26345.98348878076
2016-04-06,244548.58873478754
2016-04-07,20429.970455557548
2016-04-08,-123580.42206581868
2016-04-11,4984.863235268804
2016-04-12,-3389.0225983356518
2016-04-13,-48759.975312167895
2016-04-14,155799.78994793617
2016-04-15,-11803.718827574474
2016-04-18,-47619.05096050073
2016-04-19,-37035.50818518206
2016-04-20,114050.18303388718
2016-04-21,-276950.46466895874
2016-04-22,-2737.4640869519103
2016-04-25,10747.853048613804
2016-04-26,-40823.541202226836
2016-04-27,176298.66443141282
2016-04-28,-51196.99116513847
2016-04-29,-13438.699689600466
2016-05-03,-40084.32971679705
2016-05-04,126605.24949963886
2016-05-05,21443.718604257858
2016-05-06,39477.62108916415
2016-05-09,-238134.17967484682
2016-05-10,-246456.80808000514
2016-05-11,-5042.837706599085
2016-05-12,-93713.2693060964
2016-05-13,58797.10820332462
2016-05-16,84919.77974943141
2016-05-17,73037.66584314278
2016-05-18,-93537.20931063486
2016-05-19,-164586.42175246114
2016-05-20,-39969.13151925996
2016-05-23,83009.95615633232
2016-05-24,88518.02892016977
2016-05-25,13112.157985058833
2016-05-26,-79418.7939019469
2016-05-27,-22256.95968758323
2016-05-30,9233.160608676055
2016-05-31,-35056.2466490498
2016-06-01,253390.68998707135
2016-06-02,7785.205383344814
2016-06-03,71456.31806868789
2016-06-06,-8939.303842138555
2016-06-07,14340.07757580997
2016-06-08,57453.51866594567
2016-06-13,-91510.9457522519
2016-06-14,-282979.0772627808
2016-06-15,114450.30113324488
2016-06-16,160299.14292880212
2016-06-17,-22925.437434869382
2016-06-20,23679.792152110815
2016-06-21,-33492.530126466576
2016-06-22,-239316.10655363533
2016-06-23,132109.0261959988
2016-06-24,-61511.186653733435
2016-06-27,-86584.57664242461
2016-06-28,105744.34513215833
2016-06-29,109478.68184186384
2016-06-30,10241.66481699024
2016-07-01,-23057.434682844992
2016-07-04,-179538.24742476962
2016-07-05,21094.924123801433
2016-07-06,-7318.7337759613665
2016-07-07,-10600.251908928782
2016-07-08,-31956.90875784043
2016-07-11,-1271.1638746251272
2016-07-12,-38822.84753334206
2016-07-13,26945.656180525202
2016-07-14,78664.76204949763
2016-07-15,-85894.38599449399
2016-07-18,-172089.1412661377
2016-07-19,-102851.54006304238
2016-07-20,-25511.01034347224
2016-07-21,-221834.48137221392
2016-07-22,-9151.91181333101
2016-07-25,-58837.23335082341
2016-07-26,120774.30022355674
2016-07-27,25261.507933809717
2016-07-28,-341704.8070167057
2016-07-29,-79519.00371638931
2016-08-01,94182.33807885744
2016-08-02,4616.998023582243
2016-08-03,42209.8622115804
2016-08-04,181265.10670291746
2016-08-05,172098.1814296357
2016-08-08,-17941.346725880172
2016-08-09,114325.17465711915
2016-08-10,38907.38368425416
2016-08-11,-13776.9148734816
2016-08-12,-106591.48253588063
2016-08-15,274575.2053881331
2016-08-16,256160.4976992815
2016-08-17,95838.96664395291
2016-08-18,-84302.11425122723
2016-08-19,99494.16486803324
2016-08-22,115802.6430114994
2016-08-23,-14988.13240785248
2016-08-24,18477.612839427227
2016-08-25,-104321.13967870033
2016-08-26,-8759.216347316567
2016-08-29,-70529.33543769085
2016-08-30,50559.317485174346
2016-08-31,-43320.156922333656
2016-09-01,283676.6905573773
2016-09-02,-207710.9469160874
2016-09-05,25927.947452878958
2016-09-06,-8907.858325706788
2016-09-07,96870.2522983473
2016-09-08,51604.752433908136
2016-09-09,-7893.0221358964045
2016-09-12,-132117.5852582355
2016-09-13,122899.48243973326
2016-09-14,38043.75054166969
2016-09-19,-100561.65070783859
2016-09-20,64845.952077651265
2016-09-21,122024.4109482857
2016-09-22,74986.3477932743
2016-09-23,125531.76046546202
2016-09-26,-41723.95325584021
2016-09-27,-132058.41106797438
2016-09-28,-33954.105888907594
2016-09-29,92044.60233843594
2016-09-30,-46371.73720582994
2016-10-10,251525.25852882097
2016-10-11,135620.06176657448
2016-10-12,101877.79365595127
2016-10-13,90063.6942120326
2016-10-14,-112189.64845755597
2016-10-17,65453.359383797084
2016-10-18,-138415.6514571202
2016-10-19,106276.7302960757
2016-10-20,-73248.08163374408
2016-10-21,-12170.790632197493
2016-10-24,48145.48578468036
2016-10-25,149042.5221320338
2016-10-26,-79150.23483527976
2016-10-27,-83648.08557926682
2016-10-28,10781.912115577907
2016-10-31,-102046.02022341853
2016-11-01,-41181.79591237506
2016-11-02,136387.60474120936
2016-11-03,-33628.3243217829
2016-11-04,104048.06627675798
2016-11-07,91143.41253806766
2016-11-08,7901.337057435195
2016-11-09,7185.514135972575
2016-11-10,33640.02287696149
2016-11-11,24924.024835206368
2016-11-14,39614.475950577114
2016-11-15,-7243.040723080733
2016-11-16,91555.92053086933
2016-11-17,40620.204906210616
2016-11-18,-23369.669281828737
2016-11-21,-59437.063225745354
2016-11-22,-35117.50703072763
2016-11-23,104957.48397449122
2016-11-24,-69177.9159341044
2016-11-25,-101368.88728512608
2016-11-28,76455.03681805568
2016-11-29,-58073.67562105619
2016-11-30,-117373.01531614314
2016-12-01,-14501.374417292103
2016-12-02,45308.78223124857
2016-12-05,-246080.5985205813
2016-12-06,41922.89732680767
2016-12-07,76106.49876626946
2016-12-08,60239.16444768172
2016-12-09,-67331.5309227432
2016-12-12,47040.83516754502
2016-12-13,-550563.7971337563
2016-12-14,4306.170887470906
2016-12-15,-46200.89506322214
2016-12-16,107915.51004635746
2016-12-19,181011.95019520848
2016-12-20,2630.9799114704674
2016-12-21,16623.782424977926
2016-12-22,103443.21465761248
2016-12-23,-83777.01568873982
2016-12-26,-176193.03707921554
2016-12-27,114189.29483238349
2016-12-28,178053.3829122697
2016-12-29,-46973.34937294743
2016-12-30,-37892.36644907814
2017-01-03,-32835.03640619332
2017-01-04,48565.25902105317
2017-01-05,108496.68385003421
2017-01-06,-25762.52715332795
2017-01-09,-90467.53307747922
2017-01-10,33307.171132815674
2017-01-11,-47971.890587508504
2017-01-12,-179506.92414871493
2017-01-13,-68546.14748718098
2017-01-16,-132446.05913251673
2017-01-17,-386443.95372719946
2017-01-18,38515.69044046151
2017-01-19,-63268.42086222197
2017-01-20,-82885.63480087243
2017-01-23,110375.77186950037
2017-01-24,101153.2865665885
2017-01-25,-6473.898857326141
2017-01-26,16612.57807377556
2017-02-03,32766.64961388007
2017-02-06,-31046.051097827603
2017-02-07,91075.89233462769
2017-02-08,-17680.863194831032
2017-02-09,4325.341813417427
2017-02-10,70291.34280255107
2017-02-13,-42521.37504965888
2017-02-14,25311.041071149604
2017-02-15,2041.5622433144938
2017-02-16,-10659.384376279591
2017-02-17,42051.8513255654
2017-02-20,-94972.41843366003
2017-02-21,61145.6749352139
2017-02-22,66512.3616348013
2017-02-23,2673.919312314004
2017-02-24,-29879.448079214304
2017-02-27,9524.711496271093
2017-02-28,-65535.73954134173
2017-03-01,14642.896654192902
2017-03-02,15582.184794774821
2017-03-03,-79211.2689300713
2017-03-06,11370.578007317046
2017-03-07,90532.30981033591
2017-03-08,-20538.78538102212
2017-03-09,-4426.870741122986
2017-03-10,-47505.993517591465
2017-03-13,-13720.593746387915
2017-03-14,45549.17348070867
2017-03-15,-11618.394869038777
2017-03-16,-11612.594595062272
2017-03-17,74658.45748291929
2017-03-20,-99068.13567738092
2017-03-21,34534.591932222625
2017-03-22,-30168.63908589108
2017-03-23,-59089.56124340718
2017-03-24,-14624.163090423679
2017-03-27,21574.08717663528
2017-03-28,-27584.3154759748
2017-03-29,-25549.810708553206
2017-03-30,-60050.17955656671
2017-03-31,-150263.3315637937
2017-04-05,38633.08197356483
2017-04-06,92516.57107146498
2017-04-07,67921.20801363199
2017-04-10,-23029.363086540823
2017-04-11,-21900.540550916172
2017-04-12,319296.2664560486
2017-04-13,-44511.53472584699
2017-04-14,-78432.50690342247
2017-04-17,-143513.9337907424
2017-04-18,-39429.04817546666
2017-04-19,-87028.24907995504
2017-04-20,-82643.21518440025
2017-04-21,-13208.334311218754
2017-04-24,3065.407928741871
2017-04-25,-223095.64388941607
2017-04-26,65479.64695237517
2017-04-27,-83561.03499360043
2017-04-28,-118957.89823896393
2017-05-02,-1259.9469982291814
2017-05-03,-38087.22705644195
2017-05-04,-11708.341080285141
2017-05-05,-20015.32368521166
2017-05-08,-175870.13917830095
2017-05-09,-235989.35861173496
2017-05-10,78739.89368435233
2017-05-11,-191477.07861825122
2017-05-12,26770.104987375984
2017-05-15,35335.83380231241
2017-05-16,-31594.1906968602
2017-05-17,70477.66852692196
2017-05-18,-26167.410727880928
2017-05-19,31297.632730518697
2017-05-22,-324337.2817065954
2017-05-23,-145193.53476800767
2017-05-24,-133643.1044418948
2017-05-25,-39086.09126834152
2017-05-26,232930.78896998457
2017-05-31,134191.22724839672
2017-06-01,-79181.25789338858
2017-06-02,-137445.63649682482
2017-06-05,87245.6215526818
2017-06-06,18436.08411848564
2017-06-07,36051.24220654265
2017-06-08,182648.14223640697
2017-06-09,22210.1319619853
2017-06-12,64343.09594027863
2017-06-13,-102733.98292145255
2017-06-14,124760.95936054313
2017-06-15,-158477.89574634918
2017-06-16,-104962.87429269214
2017-06-19,-118066.19002511448
2017-06-20,52842.887474027484
2017-06-21,93043.65910956144
2017-06-22,-90494.21876975536
2017-06-23,-93212.04499841406
2017-06-26,159484.4704666482
2017-06-27,208602.01714149216
2017-06-28,-51735.333716986024
2017-06-29,-47018.697847333664
2017-06-30,11096.721549230004
2017-07-03,-489.12934640677656
2017-07-04,-23169.245832380035
2017-07-05,-67740.47826726962
2017-07-06,62341.678178452035
2017-07-07,21290.29739870784
2017-07-10,33178.30789873096
2017-07-11,18554.718207431928
2017-07-12,75646.85263907014
2017-07-13,-71954.50285863862
2017-07-14,34650.746430298794
2017-07-17,-202496.6946002988
2017-07-18,-443418.2488766569
2017-07-19,177758.96718378915
2017-07-20,123715.89420250332
2017-07-21,108472.01751370264
2017-07-24,192084.2861458454
2017-07-25,13177.918172290667
2017-07-26,-27288.480878285183
2017-07-27,-32683.280799228054
2017-07-28,37392.58575423431
2017-07-31,144254.59862854745
2017-08-01,23367.36938256984
2017-08-02,91438.42565628058
2017-08-03,-108600.68469383003
2017-08-04,-27040.609134873022
2017-08-07,-64434.95072596544
2017-08-08,12187.211726211719
2017-08-09,52630.97992105046
2017-08-10,-29564.136960218373
